year,month,carrier,airport,arr_flights,carrier_ct,weather_ct,nas_ct,security_ct,late_aircraft_ct,arr_cancelled,arr_diverted,carrier_delay,weather_delay,nas_delay,security_delay,late_aircraft_delay,delay_per_flight,is_peak_month,delay_probability
1.6342663617781794,-1.595102151002537,33,207,-0.2993410704422771,-0.4040138572271,-0.22457229846104607,-0.2637222402611557,0.1176504039313996,-0.3195864589110719,-0.1934328607474797,-0.21998591060317893,-0.3351300612740504,-0.24512974663480896,-0.23456303899633418,-0.15710426248474696,-0.3082734233868296,-0.8806732757440497,-0.5834782984271063,0.51475096
1.6342663617781794,0.13714145709267914,30,207,-0.3229765967942621,-0.4162219143491387,-0.1619033159766107,-0.2759235037196978,0.06925579496930132,-0.298226740004728,-0.1934328607474797,-0.21998591060317893,-0.3404094171070198,-0.25044646230353673,-0.23283384975779056,-0.136666626984532,-0.30666374066229174,-0.8545847432946302,1.7138598002628707,0.51475734
1.6342663617781794,1.2919705291561565,30,104,-0.2760072742139344,-0.40153086255821085,-0.175481595514905,-0.27013733754348196,0.1781436651340224,-0.29903276713326926,-0.1934328607474797,-0.21998591060317893,-0.33523460297371316,-0.24173609833562104,-0.2330413524664158,-0.136666626984532,-0.3078079729604572,-0.8887711259362177,-0.5834782984271063,0.5099256
1.6342663617781794,-1.3063948829866676,11,219,-0.312617195882541,-0.4187049090180279,-0.252773340579042,-0.27290463441036783,0.15394636065297326,-0.3105858226423609,-0.1934328607474797,-0.21998591060317893,-0.3408537193305865,-0.24580847629464658,-0.23477054170495942,-0.11622899148431702,-0.30821524208353307,-0.8957869458730323,-0.5834782984271063,0.5149494
1.6342663617781794,-1.595102151002537,6,288,-0.31513161357956065,-0.41291125479061974,-0.2277057475852678,-0.2614580882791582,0.15394636065297326,-0.30991413336857654,-0.1934328607474797,-0.21998591060317893,-0.3380310934396919,-0.24784466527415933,-0.23214217406237314,-0.11111958260926329,-0.30633404661027797,-0.8420218594985468,-0.5834782984271063,0.5147689
1.6342663617781794,0.7145559931244179,4,207,-0.2905908968566486,-0.3907712189930242,-0.23710609495793308,-0.27038890998592613,0.00876253376667847,-0.2850616302385538,-0.1934328607474797,-0.21998591060317893,-0.34234343855078075,-0.24422477375502555,-0.2361769489523082,-0.08046312935894084,-0.30208681146962985,-0.8882704527848695,-0.5834782984271063,0.5147816
1.6342663617781794,-1.0176876149707983,6,219,-0.32076390922088477,-0.42222248479895436,-0.1974157393844574,-0.27630086238336404,0.1781436651340224,-0.2903008065740721,-0.1934328607474797,-0.21998591060317893,-0.33706408271781146,-0.24886275976391573,-0.23504721198312642,-0.1009007648591558,-0.30906856786521575,-0.8718190662301255,-0.5834782984271063,0.51495534
1.6342663617781794,0.4258487251085485,30,105,-0.3292123526828709,-0.4009101138909885,-0.20681608675712268,-0.2741624966225887,0.08135444720982586,-0.2845242788195263,-0.1934328607474797,-0.21998591060317893,-0.3420559488767082,-0.24264107121540449,-0.23433248043119503,-0.0932366515465752,-0.3067994970366503,-0.8481677655035587,-0.5834782984271063,0.50996464
1.6342663617781794,1.0032632611402872,4,288,-0.31462873004015673,-0.3880813081017275,-0.22457229846104607,-0.262715950491379,0.08135444720982586,-0.3073617141281958,-0.1934328607474797,-0.21998591060317893,-0.336593645069329,-0.24196234155556692,-0.23216522991888705,-0.07024431160883336,-0.3037546754974643,-0.8009071310030489,-0.5834782984271063,0.5147769
1.6342663617781794,1.5806777971720258,11,219,-0.27892399874247725,-0.4172564954611759,-0.2517288575376347,-0.26674110957048575,-0.10012533639804262,-0.2986297535689987,-0.1934328607474797,-0.21998591060317893,-0.3419252717521298,-0.24569535468467363,-0.2353469381178073,-0.11622899148431702,-0.3063922279135745,-0.9163293253352969,1.7138598002628707,0.51494753
1.6342663617781794,0.7145559931244179,6,104,-0.28053322606856984,-0.39346112988432086,-0.2235278154196388,-0.2786908005865837,-0.027533422954895227,-0.3162280125421499,-0.1934328607474797,-0.21998591060317893,-0.3384231248134273,-0.241849219945594,-0.23241884434054008,-0.07535372048388711,-0.3062952590747469,-0.8846079472750497,-0.5834782984271063,0.50983137
1.6342663617781794,1.0032632611402872,6,105,-0.31784718469234197,-0.42180865235413945,-0.2548623066618565,-0.277684510816807,-0.12432264087909174,-0.3112575119161453,-0.1934328607474797,-0.21998591060317893,-0.33978216690904317,-0.2495414894237533,-0.23216522991888705,-0.16732308023485443,-0.3033280126066229,-0.8265287916529542,-0.5834782984271063,0.5098691
1.6342663617781794,-1.595102151002537,6,288,-0.3237812104573084,-0.3947026272187654,-0.18383745984616306,-0.26862790288881694,0.14184770841244868,-0.306018335580627,-0.1934328607474797,-0.21998591060317893,-0.34124575070432184,-0.2505595839135097,-0.2358080552480856,-0.1187836959218439,-0.3087194800454365,-0.9056798108144101,-0.5834782984271063,0.5147689
1.6342663617781794,0.7145559931244179,30,288,-0.32649678157008966,-0.4242916470230287,-0.17025918030786874,-0.271646772198147,0.14184770841244868,-0.29110683370261337,-0.1934328607474797,-0.21998591060317893,-0.33782201004036644,-0.25033334069356383,-0.2361308372392804,-0.1698777846723813,-0.30418133838830563,-0.8294818681034081,-0.5834782984271063,0.51459944
1.6342663617781794,0.7145559931244179,6,219,-0.28194129997890083,-0.4232570659109915,-0.1974157393844574,-0.27604928994091993,-0.06382937967646893,-0.30454061917830133,-0.1934328607474797,-0.21998591060317893,-0.3383447185386802,-0.25191704323318487,-0.2366380660825865,-0.1187836959218439,-0.30476315142127114,-0.9040483044424279,-0.5834782984271063,0.51495445
1.6342663617781794,-0.44027307893905954,33,219,-0.31885295177114986,-0.384977564765616,-0.2559067897032637,-0.26913104777370533,-0.11222398863856718,-0.3177057289444756,-0.1934328607474797,-0.21998591060317893,-0.3354436863730387,-0.24965461103372621,-0.23417108943559764,-0.1800966024224888,-0.3086419049743744,-0.8601027061325284,-0.5834782984271063,0.5148908
1.6342663617781794,0.4258487251085485,11,24,-0.3149304601637991,-0.41849799279562055,-0.22143884933682426,-0.27340777929525617,-0.12432264087909174,-0.31582499897787925,-0.1934328607474797,-0.21998591060317893,-0.3352607383986288,-0.24965461103372621,-0.2325802353361375,-0.136666626984532,-0.30668313443005724,-0.8353133036746669,-0.5834782984271063,0.5071392
1.6342663617781794,-0.15156581092319021,6,219,-0.2982347266555884,-0.38932280543617215,-0.2256167815024533,-0.2783134419229174,0.03295983824772762,-0.29258455010493906,-0.1934328607474797,-0.21998591060317893,-0.3424218448255279,-0.24818403010407813,-0.23500110027009857,-0.15454955804722006,-0.3092818993106365,-0.9287032396885107,1.7138598002628707,0.5149553
1.6342663617781794,-1.595102151002537,6,104,-0.2826453369340664,-0.3951164596635803,-0.2402395440821549,-0.2751687863923653,0.39591940546346455,-0.3077647276924665,-0.1934328607474797,-0.21998591060317893,-0.34132415697906887,-0.24569535468467363,-0.2333180227445828,-0.08557253823399459,-0.30724555369525725,-0.9066275934657482,-0.5834782984271063,0.50983113
1.6342663617781794,-0.7289803469549289,33,104,-0.3311233101326059,-0.39118505143783905,-0.22666126454386057,-0.27340777929525617,0.10555175169087501,-0.3038689299045169,-0.1934328607474797,-0.21998591060317893,-0.33737770781679965,-0.24999397586364502,-0.23638445166093347,-0.13155721810947824,-0.3044916386725539,-0.8098750448970584,-0.5834782984271063,0.5099421
1.6342663617781794,-1.0176876149707983,6,288,-0.3190541051869114,-0.41477350079228664,-0.2559067897032637,-0.26170966072160234,0.2507355785771698,-0.30843641696625085,-0.1934328607474797,-0.21998591060317893,-0.3376129266410409,-0.2445641385849443,-0.23389441915743067,-0.11367428704679015,-0.3079825168703469,-0.853489774738665,-0.5834782984271063,0.5147686
1.6342663617781794,-1.3063948829866676,33,105,-0.3153327669953223,-0.39946170033413647,-0.17025918030786874,-0.2779360832592512,0.16604501289349782,-0.2929875636692097,-0.1934328607474797,-0.21998591060317893,-0.33748224951646244,-0.24750530044424054,-0.2339635867269724,-0.16732308023485443,-0.3022225678439885,-0.8188584864374263,-0.5834782984271063,0.5099809
1.6342663617781794,-1.595102151002537,33,219,-0.2752026605508881,-0.4036000247822851,-0.21099401892275169,-0.2784392281441395,-0.039632075195419766,-0.3001074699713243,-0.1934328607474797,-0.21998591060317893,-0.3382140414141018,-0.24207546316553985,-0.23456303899633418,-0.17243248910990816,-0.30906856786521575,-0.913513929436792,-0.5834782984271063,0.5148914
1.6342663617781794,0.4258487251085485,30,207,-0.2976312664083037,-0.424912395690251,-0.24650644233059843,-0.27177255841936904,-0.13642129311961632,-0.29621167218337485,-0.1934328607474797,-0.21998591060317893,-0.34239570940061215,-0.24535598985475485,-0.23624611652184999,-0.1009007648591558,-0.3056746585062504,-0.9068696152210338,-0.5834782984271063,0.5147572
1.6342663617781794,-1.3063948829866676,30,24,-0.312617195882541,-0.3996686165565439,-0.19846022242586467,-0.2623385918277128,0.020861186007203047,-0.31461595828506733,-0.1934328607474797,-0.21998591060317893,-0.33643683251983486,-0.2444510169749714,-0.23419414529211155,-0.07279901604636024,-0.3054419332930642,-0.8375023051380047,-0.5834782984271063,0.5071969
1.6342663617781794,0.13714145709267914,4,104,-0.2796280356976428,-0.39780637055487694,-0.15772538381098167,-0.2786908005865837,0.32332749202031724,-0.30722737627343893,-0.1934328607474797,-0.21998591060317893,-0.33944240638513923,-0.25191704323318487,-0.23447081557027855,-0.1187836959218439,-0.3069546471787745,-0.9113535429215373,1.7138598002628707,0.50982267
1.6342663617781794,1.0032632611402872,2,219,-0.3144275766243952,-0.39532337588598776,-0.20681608675712268,-0.2706404824283703,0.1176504039313996,-0.31998947247534254,-0.1934328607474797,-0.21998591060317893,-0.34140256325381596,-0.2520301648431578,-0.23244190019705402,-0.13411192254700513,-0.30901038656191926,-0.8974320746657836,-0.5834782984271063,0.51495636
1.6342663617781794,1.2919705291561565,2,207,-0.27399574005631866,-0.41208358990099,-0.1619033159766107,-0.2727788481891458,0.29913018753926807,-0.31260089046371414,-0.1934328607474797,-0.21998591060317893,-0.3356527697723642,-0.24784466527415933,-0.23334107860109668,-0.05491608498367215,-0.30625647153921587,-0.8876078384736148,-0.5834782984271063,0.5147793
1.6342663617781794,0.4258487251085485,11,207,-0.2829470670577087,-0.42470547946784354,-0.25068437449622744,-0.271646772198147,-0.08802668415751805,-0.3154219854136086,-0.1934328607474797,-0.21998591060317893,-0.3385538019380057,-0.2427541928253774,-0.23477054170495942,-0.07790842492141399,-0.30712919108866416,-0.8985735781895443,-0.5834782984271063,0.514784
1.6342663617781794,-1.3063948829866676,33,288,-0.28013091923704675,-0.40815218167524875,-0.20890505283993724,-0.27441406906503285,-0.2090132065627637,-0.32240755386096637,-0.1934328607474797,-0.21998591060317893,-0.3402264691326099,-0.2459215979046195,-0.23403275429651413,-0.10601017373420955,-0.3031146811612022,-0.8871883313101387,-0.5834782984271063,0.5145793
1.6342663617781794,0.13714145709267914,30,105,-0.2833493738892319,-0.41829107657321307,-0.1765260785563123,-0.27051469620714824,0.06925579496930132,-0.3100484712233334,-0.1934328607474797,-0.21998591060317893,-0.3349993841494719,-0.24897588137388862,-0.23465526242238985,-0.1443307402971126,-0.30185408625644367,-0.8646069639858889,1.7138598002628707,0.5099648
1.6342663617781794,-1.3063948829866676,11,207,-0.32498813095187784,-0.40773834923043384,-0.18697090897038485,-0.2739109241801445,-0.19691455432223914,-0.2927188879596959,-0.1934328607474797,-0.21998591060317893,-0.3348425715999778,-0.24399853053507967,-0.23564666425248817,-0.12133840035937078,-0.3060237463260297,-0.8102040651312865,-0.5834782984271063,0.51478463
1.6342663617781794,0.13714145709267914,33,104,-0.3289106225592286,-0.40877293034247103,-0.17234814639068327,-0.27856501436536163,0.33542614426084183,-0.32173586458718195,-0.1934328607474797,-0.21998591060317893,-0.33941627096022353,-0.2459215979046195,-0.23228050920145663,-0.1519948536096932,-0.3107170381252847,-0.864006324502653,1.7138598002628707,0.509942
1.6342663617781794,0.4258487251085485,11,104,-0.29421165834035695,-0.3860121458776532,-0.19846022242586467,-0.27806186948047323,-0.039632075195419766,-0.31260089046371414,-0.1934328607474797,-0.21998591060317893,-0.3368811347434016,-0.24637408434451125,-0.23412497772256982,-0.08812724267152146,-0.3072261599274917,-0.8835342809770987,-0.5834782984271063,0.5098516
1.6342663617781794,-1.0176876149707983,6,105,-0.27691246458486146,-0.4251193119126584,-0.16608124814223973,-0.2639738127035999,-0.14851994536014088,-0.2894947794455308,-0.1934328607474797,-0.21998591060317893,-0.3381617705642704,-0.25123831357334725,-0.2355313849699186,-0.07790842492141399,-0.30784676049598825,-0.9146785688852009,-0.5834782984271063,0.50986886
1.6342663617781794,-1.595102151002537,4,288,-0.30738720707274003,-0.3949095434411729,-0.2559067897032637,-0.27315620685281194,0.21443962185559606,-0.30252555135694814,-0.1934328607474797,-0.21998591060317893,-0.33784814546528213,-0.24173609833562104,-0.23421720114862546,-0.15710426248474696,-0.30134984829454026,-0.8270804915552855,-0.5834782984271063,0.51477927
1.6342663617781794,-1.3063948829866676,30,219,-0.3048727893757204,-0.40235852744784056,-0.20577160371571543,-0.26724425445537403,0.020861186007203047,-0.31085449835187473,-0.1934328607474797,-0.21998591060317893,-0.3357573114720269,-0.24365916570516089,-0.23530082640477945,-0.12133840035937078,-0.30784676049598825,-0.874716962781963,-0.5834782984271063,0.51490015
1.6342663617781794,1.0032632611402872,33,207,-0.32247371325485813,-0.3909781352154316,-0.2308391967094896,-0.26535746113704284,0.16604501289349782,-0.3213328510229113,-0.1934328607474797,-0.21998591060317893,-0.3392333229858137,-0.24976773264369917,-0.23246495605356793,-0.1698777846723813,-0.3055970834351884,-0.8343200567954897,-0.5834782984271063,0.5147496
1.6342663617781794,-1.3063948829866676,4,105,-0.3009502977683697,-0.4017377787806182,-0.22039436629541703,-0.2693826202161495,-0.19691455432223914,-0.3191834453468012,-0.1934328607474797,-0.21998591060317893,-0.3386060727878371,-0.25033334069356383,-0.23467831827890376,-0.10601017373420955,-0.30245529305717467,-0.8611331802443949,-0.5834782984271063,0.5098604
1.6342663617781794,1.0032632611402872,6,105,-0.2799297658212851,-0.40153086255821085,-0.2538178236204492,-0.26988576510103784,0.34752479650136636,-0.32240755386096637,-0.1934328607474797,-0.21998591060317893,-0.3353391446733759,-0.24603471951459244,-0.23382525158788892,-0.1622136713598007,-0.30676070950111933,-0.8888099507159537,-0.5834782984271063,0.50986916
1.6342663617781794,1.2919705291561565,2,207,-0.2887805161147944,-0.3845637323208011,-0.2548623066618565,-0.26196123316404657,0.04505849048825217,-0.2935249150882372,-0.1934328607474797,-0.21998591060317893,-0.3365152387945819,-0.2524826512830495,-0.23483970927450115,-0.14944014917216633,-0.30678010326888483,-0.8965054727808012,-0.5834782984271063,0.51477945
1.6342663617781794,0.13714145709267914,30,105,-0.2869701353729402,-0.421601736131732,-0.18070401072194128,-0.2725272757467016,0.09345309945035044,-0.28774838733369135,-0.1934328607474797,-0.21998591060317893,-0.3386844790625842,-0.2501070974736179,-0.23550832911340472,-0.1264478092344245,-0.3103485565377399,-0.926131521785047,1.7138598002628707,0.5099648
1.6342663617781794,-1.3063948829866676,4,207,-0.2931053145536683,-0.40608301945117437,-0.18697090897038485,-0.26875368911003905,-0.19691455432223914,-0.3077647276924665,-0.1934328607474797,-0.21998591060317893,-0.33790041631511347,-0.2501070974736179,-0.2353469381178073,-0.1622136713598007,-0.30716797862419515,-0.9020741758806214,-0.5834782984271063,0.5147827
1.6342663617781794,-0.7289803469549289,33,207,-0.30668317011757457,-0.41580808190432383,-0.17443711247349777,-0.26774739934026237,0.20234096961507156,-0.3166310261064205,-0.1934328607474797,-0.21998591060317893,-0.34056622965651384,-0.24784466527415933,-0.233525525453208,-0.15454955804722006,-0.3087582675809675,-0.9013147939985723,-0.5834782984271063,0.5147505
1.6342663617781794,1.0032632611402872,4,104,-0.2902891667330062,-0.41125592501136027,-0.22248333237823154,-0.2766782210470303,0.2870315352987435,-0.2923158743954253,-0.1934328607474797,-0.21998591060317893,-0.3385538019380057,-0.24682657078440293,-0.23560055253946036,-0.08812724267152146,-0.3068770721077124,-0.899977132901393,-0.5834782984271063,0.50982267
1.6342663617781794,0.13714145709267914,33,24,-0.28435514096803977,-0.4145665845698792,-0.252773340579042,-0.27365935173770034,-0.14851994536014088,-0.2880170630432051,-0.1934328607474797,-0.21998591060317893,-0.338789020762247,-0.24524286824478192,-0.23458609485284812,-0.11622899148431702,-0.3016989361143195,-0.8727165397666772,1.7138598002628707,0.5072241
1.6342663617781794,1.2919705291561565,4,24,-0.3081918207357864,-0.4145665845698792,-0.20994953588134446,-0.26950840643737156,-0.08802668415751805,-0.30198819993792064,-0.1934328607474797,-0.21998591060317893,-0.34051395880668245,-0.25112519196337435,-0.23251106776659577,-0.1187836959218439,-0.3023195366828161,-0.8466477096257576,-0.5834782984271063,0.50713223
1.6342663617781794,-0.15156581092319021,6,288,-0.29572030895856877,-0.4064968518959893,-0.18174849376334856,-0.26170966072160234,-0.10012533639804262,-0.30198819993792064,-0.1934328607474797,-0.21998591060317893,-0.3364629679447505,-0.2510120703534014,-0.23483970927450115,-0.13411192254700513,-0.3024165055216436,-0.8611087128962289,1.7138598002628707,0.5147686
1.6342663617781794,-1.3063948829866676,4,105,-0.2751020838430074,-0.41746341168358336,-0.24963989145482018,-0.27189834464059115,0.2870315352987435,-0.2838525895457419,-0.1934328607474797,-0.21998591060317893,-0.3385015310881744,-0.24535598985475485,-0.23430942457468112,-0.1596589669222738,-0.3102903752344433,-0.9215692100987665,-0.5834782984271063,0.50986046
1.6342663617781794,-1.595102151002537,11,207,-0.3285083157277054,-0.39904786788932156,-0.256951272744671,-0.2788165868078058,-0.05173072743594435,-0.312735228318471,-0.1934328607474797,-0.21998591060317893,-0.3390242395864882,-0.24207546316553985,-0.23269551461870708,-0.0676896071713065,-0.3063146528425124,-0.7979511569115977,-0.5834782984271063,0.51478475
1.6342663617781794,-1.3063948829866676,2,24,-0.3102033548934021,-0.3605614505215386,0.037592944932175194,-0.24686688661739647,0.9766547130086437,-0.24220785457110913,-0.1934328607474797,0.04357300195513715,-0.2851329934103355,-0.1323475014917966,-0.2210984187922079,0.2542031519570791,-0.2846518142484306,-0.12452585287517443,-0.5834782984271063,0.50713134
1.6342663617781794,1.0032632611402872,4,219,-0.32991638963803643,-0.33117934693968276,0.2600678327519207,-0.2408291479987365,0.9040627995654964,-0.2783447375007098,-0.1934328607474797,-0.21998591060317893,-0.30682539609035814,-0.15678176924594975,-0.21766309617163454,0.412594827083745,-0.2760991626638378,0.2608835935298089,-0.5834782984271063,0.514955
1.6342663617781794,-1.3063948829866676,2,207,-0.29642434591373423,-0.3479395609546851,0.15457504556978788,-0.246112169290064,0.8798654950844472,-0.2561789914658247,-0.16493999801051398,-0.21998591060317893,-0.29880182064124133,-0.17714365904107734,-0.19569086491387364,0.5735412066479378,-0.2737137292286793,-0.18817991999963443,-0.5834782984271063,0.514781
1.6342663617781794,1.0032632611402872,6,219,-0.3167408409056533,-0.36159603163357573,-0.12325744344454222,-0.2184392006212056,0.94035875628707,-0.1994884167584214,-0.16493999801051398,-0.21998591060317893,-0.28066383574975245,-0.1403791357998747,-0.2169714204762171,0.13413204339331622,-0.27858156493782393,0.08464763598868547,-0.5834782984271063,0.514954
1.6342663617781794,1.2919705291561565,6,24,-0.28767417232810577,-0.3477326447322776,0.24544507017221914,-0.2502631145903928,0.6378924502739558,-0.26007478925377414,-0.1934328607474797,-0.21998591060317893,-0.27627308436391657,-0.1864196310588577,-0.20235400744639506,0.36661014720826135,-0.27249192185945176,-0.2253305743224976,-0.5834782984271063,0.50713444
1.6342663617781794,-0.44027307893905954,33,207,-0.29320589126154906,-0.3719418427539475,-0.15354745164535263,-0.22498008412475393,0.6499911025144804,-0.20069745745123332,-0.1934328607474797,-0.21998591060317893,-0.30227783215502807,-0.18528841495912837,-0.2197611791144008,0.23376551645686414,-0.2823051683488031,-0.43397438142098177,-0.5834782984271063,0.5147505
1.6342663617781794,0.13714145709267914,4,288,-0.33303426758234084,-0.3537332151820932,-0.14414710427268734,-0.2334077609466335,0.39591940546346455,-0.22272886563136157,-0.1934328607474797,-0.21998591060317893,-0.31017073047956645,-0.17997169929040063,-0.2103082779436957,0.21077317651912233,-0.2730543411246517,0.4001413195258583,1.7138598002628707,0.5147779
1.6342663617781794,-0.15156581092319021,33,24,-0.29330646796942983,-0.34524965006338837,0.1483081473213443,-0.24950839726306026,0.9282601040465454,-0.19451791613241684,-0.16493999801051398,0.04357300195513715,-0.31508419036371615,-0.17895360480064426,-0.20816408328790162,0.15712438333105808,-0.27943489071950667,-0.4115875210453,1.7138598002628707,0.5072242
1.6342663617781794,-0.15156581092319021,11,288,-0.3259938980306857,-0.3719418427539475,0.024014665393880877,-0.2252316565671981,0.6257937980334313,-0.19021910478019669,-0.16493999801051398,0.04357300195513715,-0.3145353464404867,-0.16017541754513767,-0.19555252977479015,0.3282895806453583,-0.28591240915318916,0.1559169126578332,1.7138598002628707,0.5147394
1.6342663617781794,1.5806777971720258,33,207,-0.2788234220345965,-0.36407902630246497,0.0010360384829212284,-0.2345398369376323,0.39591940546346455,-0.21157882368654055,-0.16493999801051398,-0.21998591060317893,-0.3159727948108496,-0.16141975525483995,-0.20498237508898134,0.2567578563946059,-0.278697927544417,-0.4716432894352999,1.7138598002628707,0.5147494
1.6342663617781794,-1.595102151002537,30,288,-0.3245858241203547,-0.3800115754278375,0.13264090170023546,-0.25894236385471653,0.468511318906612,-0.20862339088188922,-0.1934328607474797,-0.21998591060317893,-0.27773666815919523,-0.12058285405461176,-0.21275219873417067,0.4228136448338525,-0.2827706187751755,0.3676440368578735,-0.5834782984271063,0.51460147
1.6342663617781794,-0.7289803469549289,33,219,-0.2792257288661196,-0.3266271900467192,-0.13161330777580027,-0.22711844988552934,0.45641266666608743,-0.2393867596212147,-0.1934328607474797,0.04357300195513715,-0.30039608156109837,-0.15870483661548956,-0.22211287647882014,0.5173377090223467,-0.27755369524625156,-0.46568299041722055,-0.5834782984271063,0.514891
1.6342663617781794,-0.44027307893905954,11,219,-0.3279048554804207,-0.352698634070056,-0.15563641772816716,-0.23579769914985313,0.9766547130086437,-0.25268620724214574,-0.16493999801051398,-0.21998591060317893,-0.3011801443085691,-0.14049225740984767,-0.21662558262850837,0.5582129800227766,-0.28626149697296843,0.17910888504962255,-0.5834782984271063,0.5149487
1.6342663617781794,1.5806777971720258,6,288,-0.27832053849519256,-0.3516640529580189,0.16188642685963858,-0.2570555705363853,0.9282601040465454,-0.2286397312406643,-0.16493999801051398,0.04357300195513715,-0.3066947189657797,-0.19920237298579893,-0.20332235341997948,0.5224471178974005,-0.2773597575685964,-0.44907219562780754,1.7138598002628707,0.5147654
1.6342663617781794,1.2919705291561565,6,24,-0.2736940099326763,-0.3665620209713542,-0.10654571478202612,-0.22498008412475393,0.6741884069955295,-0.2749862911317878,-0.16493999801051398,0.04357300195513715,-0.2724834477511415,-0.17974545607045478,-0.20943215539616694,0.08303795464277883,-0.28686270377369943,-0.424770650289242,-0.5834782984271063,0.50713456
1.6342663617781794,0.7145559931244179,4,105,-0.3160368039504878,-0.3611821991887609,-0.013586724096780366,-0.22787316721286188,0.7104843637171033,-0.23817771892840278,-0.1934328607474797,-0.21998591060317893,-0.29872341436649424,-0.13246062310176954,-0.21459666725528387,0.4534700980841749,-0.2797257972359894,-0.00771555100686602,-0.5834782984271063,0.5098607
1.6342663617781794,-1.595102151002537,30,288,-0.31583565053472623,-0.36221678030079807,0.029237080600917138,-0.25428827366949946,0.7225830159576279,-0.23549096183326515,-0.16493999801051398,-0.21998591060317893,-0.32057262959601107,-0.20938331788336273,-0.19755838929150077,0.45091539364664807,-0.2870372476835891,-0.2078882963994556,-0.5834782984271063,0.51460105
1.6342663617781794,1.2919705291561565,6,207,-0.328206585604063,-0.3646997749696873,-0.005230859765522312,-0.23038889163730353,0.6015964935523822,-0.24180484100683852,-0.16493999801051398,0.04357300195513715,-0.28129108594772906,-0.1460352162985213,-0.20666545261449715,0.4560248025217018,-0.28610634683084435,0.44284780547789904,-0.5834782984271063,0.51478225
1.6342663617781794,0.7145559931244179,33,288,-0.2958208856664495,-0.35352629895968585,0.20366574851592886,-0.2292568156463048,0.9282601040465454,-0.2125191886698387,-0.1934328607474797,0.04357300195513715,-0.2994029354143022,-0.17703053743110442,-0.20214650473776982,0.42025894039632566,-0.28961661879640277,-0.33683047512448794,-0.5834782984271063,0.5145744
1.6342663617781794,1.5806777971720258,2,207,-0.2943122350482377,-0.3378006660567207,0.18068712160496928,-0.23001153297363727,0.44431401442556284,-0.2508054772755494,-0.1934328607474797,0.04357300195513715,-0.26521779962457975,-0.12556020489342073,-0.19776589200012598,0.21588258539417607,-0.2746446300814241,-0.039615220501836856,1.7138598002628707,0.5147791
1.6342663617781794,-0.44027307893905954,30,24,-0.29451338846399927,-0.37152801030913263,0.04594880926343325,-0.25177254924505776,0.7951749294007752,-0.26611999271783376,-0.1934328607474797,-0.21998591060317893,-0.3049175100715128,-0.1323475014917966,-0.2043137552500778,0.374274260520842,-0.2804433666433135,-0.28427293095925943,-0.5834782984271063,0.50719756
1.6342663617781794,-0.15156581092319021,33,288,-0.27661073446121914,-0.35621620985098246,-0.1023677826163971,-0.2369297751408519,0.4322153621850383,-0.19733901108231133,-0.1934328607474797,-0.21998591060317893,-0.26814496721513703,-0.1287276099726628,-0.20952437882222258,0.23632022089439095,-0.2743537235649413,-0.2836645719515823,1.7138598002628707,0.51457727
1.6342663617781794,-0.15156581092319021,33,207,-0.3316261936720098,-0.32228194937616306,0.037592944932175194,-0.24145807910484687,0.6257937980334313,-0.23468493470472387,-0.1934328607474797,0.04357300195513715,-0.3011801443085691,-0.1290669748025816,-0.20744935173597026,0.5633223888978303,-0.2735585790865552,0.6015354640414202,1.7138598002628707,0.5147504
1.6342663617781794,-0.15156581092319021,30,219,-0.2944128117561185,-0.33511075516542405,0.04072639405639694,-0.24145807910484687,0.8677668428439227,-0.2681350605391869,-0.1934328607474797,0.04357300195513715,-0.27467882344405953,-0.18302598275966975,-0.21203746718223931,0.2542031519570791,-0.2782324771180446,-0.23338249168641664,1.7138598002628707,0.51489925
1.6342663617781794,1.5806777971720258,2,24,-0.3165396874898917,-0.35787153963024193,-0.021942588428038423,-0.2324014711768569,0.6862870592360542,-0.1982793760656095,-0.16493999801051398,-0.21998591060317893,-0.30112787345873776,-0.1403791357998747,-0.20157010832492195,0.23632022089439095,-0.28222759327774105,0.03490085341874083,1.7138598002628707,0.50713015
1.6342663617781794,0.7145559931244179,6,104,-0.32508870765975867,-0.3456634825082032,0.2172440280542232,-0.25944550873960487,0.9161614518060209,-0.2806284810315767,-0.1934328607474797,0.04357300195513715,-0.2926599957860542,-0.11967788117482832,-0.21932311784063643,0.3998213048961107,-0.273965848209631,0.2999887827000828,-0.5834782984271063,0.5098315
1.6342663617781794,0.13714145709267914,4,24,-0.3123154657588987,-0.3657343560817245,0.1556195286111951,-0.24661531417495233,0.6378924502739558,-0.21856439213389833,-0.1934328607474797,-0.21998591060317893,-0.30269599895367916,-0.18540153656910133,-0.21332859514701855,0.5786506155229916,-0.2836821258601548,-0.1898733942894274,1.7138598002628707,0.50713307
1.6342663617781794,0.13714145709267914,30,219,-0.3199592955578385,-0.3371799173894984,-0.08670053699528828,-0.22812473965530602,0.5894978413118577,-0.259134424270476,-0.16493999801051398,0.04357300195513715,-0.30760945883782886,-0.19829740010601546,-0.201823722746575,0.28741430964492837,-0.27778642045943774,0.014738015702546726,1.7138598002628707,0.5148993
1.6342663617781794,0.7145559931244179,30,288,-0.31402526979287204,-0.3247649440450523,0.13681883386586446,-0.23001153297363727,0.9524574085275945,-0.2604778028180448,-0.1934328607474797,0.04357300195513715,-0.3129672209455453,-0.14083162223976645,-0.22098313950963833,0.5582129800227766,-0.2832554629693134,-0.21561555488155085,-0.5834782984271063,0.5145983
1.6342663617781794,0.4258487251085485,30,104,-0.28445571767592054,-0.34090440939283223,-0.14832503643831635,-0.243093299980734,0.9040627995654964,-0.21896740569816897,-0.16493999801051398,0.04357300195513715,-0.26780520669123303,-0.1627772145745151,-0.22139814492688878,0.3027425362700896,-0.28903480576343726,-0.37530638868760835,-0.5834782984271063,0.5099262
1.6342663617781794,-0.15156581092319021,4,24,-0.30929816452247505,-0.3738040887556145,-0.08565605395388101,-0.24573481062639774,0.7346816681981524,-0.22581863629076981,-0.1934328607474797,0.04357300195513715,-0.31926585835022653,-0.2114195068628755,-0.21305192486885155,0.3844930782709494,-0.2736167603898517,-0.2932330482311127,1.7138598002628707,0.5071333
1.6342663617781794,0.7145559931244179,2,219,-0.30748778378062086,-0.37732166453654087,0.08041674962987265,-0.21768448329387305,0.6741884069955295,-0.19398056471338934,-0.1934328607474797,-0.21998591060317893,-0.30570157281898347,-0.13313935276160713,-0.21883894485384423,0.13668674783084309,-0.2756143184696999,-0.204373863293042,-0.5834782984271063,0.5149565
1.6342663617781794,-1.0176876149707983,6,288,-0.3068843235333361,-0.3618029478559832,-0.06372191008432865,-0.220577566381981,0.9524574085275945,-0.2438199088281917,-0.16493999801051398,0.04357300195513715,-0.30865487583445644,-0.2081389801736605,-0.20240011915942288,0.09836618126794004,-0.28659119102498226,-0.30456376280625963,-0.5834782984271063,0.5147677
1.6342663617781794,-0.15156581092319021,6,288,-0.3323302306271753,-0.38104615653987467,0.06997191921580014,-0.2591939362971607,0.7588789726792016,-0.22568429843601295,-0.1934328607474797,-0.21998591060317893,-0.3046561558223559,-0.15678176924594975,-0.19988703079940617,0.11113970345557439,-0.28901541199567177,0.37158356389416913,1.7138598002628707,0.5147675
1.6342663617781794,-0.15156581092319021,33,207,-0.30658259340969374,-0.352698634070056,-0.11281261303046967,-0.22359643569131102,0.4201167099445137,-0.2618211813656136,-0.1934328607474797,-0.21998591060317893,-0.31926585835022653,-0.21515251999198223,-0.19898785239536346,0.1009208857054669,-0.2909547887722234,-0.38550725559745996,1.7138598002628707,0.5147505
1.6342663617781794,-0.7289803469549289,2,207,-0.30648201670181296,-0.33200701182931247,-0.12221296040313497,-0.23869078223796106,0.468511318906612,-0.19532394326095812,-0.16493999801051398,0.04357300195513715,-0.2933133814089464,-0.12284528625407039,-0.20396791740236908,0.177562018831273,-0.2855051400301133,-0.11562989578493303,-0.5834782984271063,0.51478106
1.6342663617781794,-1.0176876149707983,4,24,-0.31694199432141484,-0.3286963522707936,0.09399502916816702,-0.22711844988552934,0.7588789726792016,-0.2138625672174075,-0.1934328607474797,-0.21998591060317893,-0.3142217213414984,-0.1442252705389544,-0.22072952508798524,0.21332788095664917,-0.2886081428725959,-0.2529314080518346,-0.5834782984271063,0.50713336
1.6342663617781794,-0.44027307893905954,2,288,-0.2761078509218152,-0.35145713673561146,0.22559989238548123,-0.22120649748809143,0.40801805770398913,-0.21010110728421488,-0.1934328607474797,-0.21998591060317893,-0.31176499139942354,-0.1824603747098051,-0.2155880690853822,0.13413204339331622,-0.2766227943935068,-0.5262299582338626,-0.5834782984271063,0.5147877
1.6342663617781794,0.4258487251085485,6,288,-0.32730139523313595,-0.33531767138783153,-0.15772538381098167,-0.24674110039617442,0.6015964935523822,-0.26450793846075116,-0.1934328607474797,-0.21998591060317893,-0.30954348028158984,-0.13596739301093042,-0.2101468869480983,0.11624911233062811,-0.2748191739913137,0.25366251370609155,-0.5834782984271063,0.5147671
1.6342663617781794,1.5806777971720258,33,105,-0.29320589126154906,-0.37049342919709555,0.17650918943934024,-0.22007442149709266,0.4201167099445137,-0.2767326832436272,-0.16493999801051398,0.04357300195513715,-0.3051788643206697,-0.1718269433723496,-0.21655641505896664,0.11113970345557439,-0.27241434678838966,-0.3635799030103517,1.7138598002628707,0.5099799
1.6342663617781794,1.2919705291561565,33,104,-0.29471454187976087,-0.3396629120583876,0.10548434262364682,-0.22145806993053557,0.468511318906612,-0.24838739588992562,-0.1934328607474797,-0.21998591060317893,-0.27998431470194457,-0.17488122684161872,-0.2062965589102745,0.20055435876901484,-0.2796288283971618,-0.22728907107209834,-0.5834782984271063,0.5099414
1.6342663617781794,1.5806777971720258,11,24,-0.27741534812426544,-0.35642312607338983,0.029237080600917138,-0.22422536679742144,0.5653005368308085,-0.2160119728935176,-0.16493999801051398,0.04357300195513715,-0.3191090458007324,-0.20689464246395825,-0.20401402911539693,0.4790171424594436,-0.285796046546596,-0.5512332555753378,1.7138598002628707,0.5071392
1.6342663617781794,-0.15156581092319021,4,288,-0.32498813095187784,-0.33304159294134966,0.18799850289481998,-0.21957127661220435,0.48060997114713644,-0.20056311959647644,-0.1934328607474797,-0.21998591060317893,-0.3016767173819672,-0.12657829938317713,-0.21406638255546384,0.35894603389568075,-0.29054751964914755,0.07674743212744894,1.7138598002628707,0.5147779
1.6342663617781794,0.13714145709267914,4,24,-0.2894845530699599,-0.36407902630246497,-0.11803502823750596,-0.2285020983189723,0.8798654950844472,-0.28022546746730614,-0.1934328607474797,-0.21998591060317893,-0.265531424723568,-0.14083162223976645,-0.22123675393129136,0.274640787457294,-0.27344221647996203,-0.21749656311190593,1.7138598002628707,0.5071331
1.6342663617781794,1.5806777971720258,6,105,-0.28234360681042403,-0.3620098640783907,-0.07207777441558667,-0.2518983354662799,0.45641266666608743,-0.21735535144108642,-0.16493999801051398,0.04357300195513715,-0.28126495052281336,-0.1239765023537997,-0.19714338387425026,0.24398433420697158,-0.2808894233019204,-0.2623148359400931,1.7138598002628707,0.50986934
1.6342663617781794,1.5806777971720258,2,24,-0.274800353719365,-0.35145713673561146,0.11070675783068308,-0.222087001036646,0.468511318906612,-0.21735535144108642,-0.16493999801051398,-0.21998591060317893,-0.2768741991369774,-0.1341574472513635,-0.2163258564938275,0.333398989520412,-0.28882147431801664,-0.42434544824238024,1.7138598002628707,0.50713
1.6342663617781794,-1.3063948829866676,2,105,-0.2826453369340664,-0.3729764238659847,0.10130641045801779,-0.23630084403474144,0.8919641473249718,-0.231192150481045,-0.16493999801051398,-0.21998591060317893,-0.2720652809524905,-0.15938356627532718,-0.20710351388826154,0.2235466987067567,-0.2841087887509961,-0.3167805459376502,-0.5834782984271063,0.5098521
1.6342663617781794,0.13714145709267914,2,24,-0.3300169663459172,-0.36718276963857654,0.015658801062622824,-0.24812474882961733,1.0008520174896929,-0.1982793760656095,-0.16493999801051398,-0.21998591060317893,-0.31803749337918913,-0.13291310954166127,-0.19795033885223728,0.18267142770632677,-0.279299134345148,0.3564488270154201,1.7138598002628707,0.5071308
1.6342663617781794,1.2919705291561565,4,24,-0.32358005704154685,-0.33614533627746124,0.16710884206667495,-0.24032600311384814,0.855668190603398,-0.24543196308527426,-0.1934328607474797,-0.21998591060317893,-0.2936792773577661,-0.19558248146666515,-0.2124524725994898,0.3308442850828852,-0.27241434678838966,0.18050053212716488,-0.5834782984271063,0.5071325
1.6342663617781794,0.13714145709267914,6,219,-0.30416875242055486,-0.37152801030913263,0.15875297773541688,-0.23894235468040523,0.7588789726792016,-0.26020912710853106,-0.16493999801051398,-0.21998591060317893,-0.2851852642601669,-0.1950168734168005,-0.2178936547367737,0.28485960520740156,-0.28496211453267883,-0.26582007593130075,1.7138598002628707,0.51495457
